{"cameraMode":{"drawMode":0,"name":"Shaded","section":"Shading Mode"},"sceneLighting":false,"audioPlay":false,"sceneViewState":{"m_AlwaysRefresh":false,"showFog":true,"showSkybox":false,"showFlares":true,"showImageEffects":true,"showParticleSystems":true,"showVisualEffectGraphs":true,"m_FxEnabled":true},"in2DMode":false,"pivot":{"x":11.827413558959961,"y":8.782295227050782,"z":-4.4697065353393559},"rotation":{"x":0.29003995656967165,"y":-0.20054207742214204,"z":0.06254208087921143,"w":0.9336804151535034},"size":1.992944359779358,"orthographic":false}