{"cameraMode":{"drawMode":0,"name":"Shaded","section":"Shading Mode"},"sceneLighting":true,"audioPlay":false,"sceneViewState":{"m_AlwaysRefresh":false,"showFog":true,"showSkybox":true,"showFlares":true,"showImageEffects":true,"showParticleSystems":true,"showVisualEffectGraphs":true,"m_FxEnabled":true},"in2DMode":false,"pivot":{"x":32.0770263671875,"y":52.82599639892578,"z":275.13482666015627},"rotation":{"x":0.07008544355630875,"y":-0.03680352494120598,"z":-0.002587089082226157,"w":-0.9968634247779846},"size":168.57041931152345,"orthographic":false}