{"cameraMode":{"drawMode":0,"name":"Shaded","section":"Shading Mode"},"sceneLighting":true,"audioPlay":false,"sceneViewState":{"m_AlwaysRefresh":false,"showFog":true,"showSkybox":true,"showFlares":true,"showImageEffects":true,"showParticleSystems":true,"showVisualEffectGraphs":true,"m_FxEnabled":true},"in2DMode":false,"pivot":{"x":-0.4132819175720215,"y":2.7706780433654787,"z":-3.496253728866577},"rotation":{"x":0.09167443960905075,"y":0.01194458082318306,"z":-0.0010997956851497293,"w":0.9957190155982971},"size":4.423047065734863,"orthographic":false}